<?xml version="1.0" encoding="UTF-8"?>
<project-private xmlns="http://www.netbeans.org/ns/project-private/1">
    <editor-bookmarks xmlns="http://www.netbeans.org/ns/editor-bookmarks/2" lastBookmarkId="0"/>
    <open-files xmlns="http://www.netbeans.org/ns/projectui-open-files/2">
        <group>
            <file>file:/C:/Users/Dell/Documents/NetBeansProjects/javafx-crud-mvc-master/JavaFX-MVC-Incompleto/src/javafxmvc/model/dao/OrderDetailsDAO.java</file>
            <file>file:/C:/Users/Dell/Documents/NetBeansProjects/javafx-crud-mvc-master/JavaFX-MVC-Incompleto/src/javafxmvc/model/dao/ClienteDAO.java</file>
            <file>file:/C:/Users/Dell/Documents/NetBeansProjects/javafx-crud-mvc-master/JavaFX-MVC-Incompleto/src/javafxmvc/model/dao/ProductsDAO.java</file>
            <file>file:/C:/Users/Dell/Documents/NetBeansProjects/javafx-crud-mvc-master/JavaFX-MVC-Incompleto/src/javafxmvc/model/dao/OrdersDAO.java</file>
        </group>
    </open-files>
</project-private>
